generation,region,number,Name,type_1,type_2,lenegdary_status,regional,egg_distance,shiny
1,Kanto,001,Bulbasaur,Grass,Poison,-,-,-,Yes
1,Kanto,002,Ivysaur,Grass,Poison,-,-,-,Yes
1,Kanto,003,Venusaur,Grass,Poison,-,-,-,Yes
1,Kanto,004,Charmander,Fire,-,-,-,-,Yes
1,Kanto,005,Charmeleon,Fire,-,-,-,-,Yes
1,Kanto,006,Charizard,Fire,Flying,-,-,-,Yes
1,Kanto,007,Squirtle,Water,-,-,-,-,Yes
1,Kanto,008,Wartortle,Water,-,-,-,-,Yes
1,Kanto,009,Blastoise,Water,-,-,-,-,Yes
1,Kanto,010,Caterpie,Bug,-,-,-,-,Yes
1,Kanto,011,Metapod,Bug,-,-,-,-,No
1,Kanto,012,Butterfree,Bug,Flying,-,-,-,No
1,Kanto,013,Weedle,Bug,-,-,-,-,No
1,Kanto,014,Kakuna,Bug,-,-,-,-,No
1,Kanto,015,Beedrill,Bug,Flying,-,-,-,No
1,Kanto,016,Pidgey,Normal,Flying,-,-,-,No
1,Kanto,017,Pidgeotto,Normal,Flying,-,-,-,No
1,Kanto,018,Pidgeot,Normal,Flying,-,-,-,No
1,Kanto,019,Rattata,Normal,-,-,-,-,No
1,Kanto,020,Raticate,Normal,-,-,-,-,No
1,Kanto,021,Spearow,Normal,Flying,-,-,-,No
1,Kanto,022,Fearow,Normal,Flying,-,-,-,No
1,Kanto,023,Ekans,Poison,-,-,-,-,No
1,Kanto,024,Arbok,Poison,-,-,-,-,No
1,Kanto,025,Pikachu,Electric,-,-,-,-,Yes
1,Kanto,026,Raichu,Electric,-,-,-,-,Yes
1,Kanto,027,Sandshrew,Ground,-,-,-,-,No
1,Kanto,028,Sandslash,Ground,-,-,-,-,No
1,Kanto,029,Nidoran♀,Poison,-,-,-,-,Yes
1,Kanto,030,Nidorina,Poison,-,-,-,-,Yes
1,Kanto,031,Nidoqueen,Poison,Ground,-,-,-,Yes
1,Kanto,032,Nidoran♂,Poison,-,-,-,-,No
1,Kanto,033,Nidorino,Poison,-,-,-,-,No
1,Kanto,034,Nidoking,Poison,Ground,-,-,-,No
1,Kanto,035,Clefairy,Fairy,-,-,-,-,No
1,Kanto,036,Clefable,Fairy,-,-,-,-,No
1,Kanto,037,Vulpix,Fire,-,-,-,-,No
1,Kanto,038,Ninetales,Fire,-,-,-,-,No
1,Kanto,039,Jigglypuff,Normal,Fairy,-,-,-,No
1,Kanto,040,Wigglytuff,Normal,Fairy,-,-,-,No
1,Kanto,041,Zubat,Poison,Flying,-,-,-,No
1,Kanto,042,Golbat,Poison,Flying,-,-,-,No
1,Kanto,043,Oddish,Grass,Poison,-,-,-,No
1,Kanto,044,Gloom,Grass,Poison,-,-,-,No
1,Kanto,045,Vileplume,Grass,Poison,-,-,-,No
1,Kanto,046,Paras,Bug,Grass,-,-,-,No
1,Kanto,047,Parasect,Bug,Grass,-,-,-,No
1,Kanto,048,Venonat,Bug,Poison,-,-,-,No
1,Kanto,049,Venomoth,Bug,Poison,-,-,-,No
1,Kanto,050,Diglett,Ground,-,-,-,-,No
1,Kanto,051,Dugtrio,Ground,-,-,-,-,No
1,Kanto,052,Meowth,Normal,-,-,-,-,No
1,Kanto,053,Persian,Normal,-,-,-,-,No
1,Kanto,054,Psyduck,Water,-,-,-,-,No
1,Kanto,055,Golduck,Water,-,-,-,-,No
1,Kanto,056,Mankey,Fighting,-,-,-,-,No
1,Kanto,057,Primeape,Fighting,-,-,-,-,No
1,Kanto,058,Growlithe,Fire,-,-,-,-,Yes
1,Kanto,059,Arcanine,Fire,-,-,-,-,Yes
1,Kanto,060,Poliwag,Water,-,-,-,-,No
1,Kanto,061,Poliwhirl,Water,-,-,-,-,No
1,Kanto,062,Poliwrath,Water,Fighting,-,-,-,No
1,Kanto,063,Abra,Psychic,-,-,-,-,No
1,Kanto,064,Kadabra,Psychic,-,-,-,-,No
1,Kanto,065,Alakazam,Psychic,-,-,-,-,No
1,Kanto,066,Machop,Fighting,-,-,-,2 km,No
1,Kanto,067,Machoke,Fighting,-,-,-,-,No
1,Kanto,068,Machamp,Fighting,-,-,-,-,No
1,Kanto,069,Bellsprout,Grass,Poison,-,-,-,No
1,Kanto,070,Weepinbell,Grass,Poison,-,-,-,No
1,Kanto,071,Victreebel,Grass,Poison,-,-,-,No
1,Kanto,072,Tentacool,Water,Poison,-,-,-,No
1,Kanto,073,Tentacruel,Water,Poison,-,-,-,No
1,Kanto,074,Geodude,Rock,Ground,-,-,-,Yes
1,Kanto,075,Graveler,Rock,Ground,-,-,-,Yes
1,Kanto,076,Golem,Rock,Ground,-,-,-,Yes
1,Kanto,077,Ponyta,Fire,-,-,-,-,No
1,Kanto,078,Rapidash,Fire,-,-,-,-,No
1,Kanto,079,Slowpoke,Water,Psychic,-,-,-,No
1,Kanto,080,Slowbro,Water,Psychic,-,-,-,No
1,Kanto,081,Magnemite,Electric,Steel,-,-,-,No
1,Kanto,082,Magneton,Electric,Steel,-,-,-,No
1,Kanto,083,Farfetch'd,Normal,Flying,-,Asia,-,No
1,Kanto,084,Doduo,Normal,Flying,-,-,-,No
1,Kanto,085,Dodrio,Normal,Flying,-,-,-,No
1,Kanto,086,Seel,Water,-,-,-,-,No
1,Kanto,087,Dewgong,Water,Ice,-,-,-,No
1,Kanto,088,Grimer,Poison,-,-,-,-,Yes
1,Kanto,089,Muk,Poison,-,-,-,-,Yes
1,Kanto,090,Shellder,Water,-,-,-,2 km,Yes
1,Kanto,091,Cloyster,Water,Ice,-,-,-,Yes
1,Kanto,092,Gastly,Ghost,Poison,-,-,-,No
1,Kanto,093,Haunter,Ghost,Poison,-,-,-,No
1,Kanto,094,Gengar,Ghost,Poison,-,-,-,No
1,Kanto,095,Onix,Rock,Ground,-,-,5 km,No
1,Kanto,096,Drowzee,Psychic,-,-,-,-,Yes
1,Kanto,097,Hypno,Psychic,-,-,-,-,Yes
1,Kanto,098,Krabby,Water,-,-,-,-,Yes
1,Kanto,099,Kingler,Water,-,-,-,-,Yes
1,Kanto,100,Voltorb,Electric,-,-,-,-,No
1,Kanto,101,Electrode,Electric,-,-,-,-,No
1,Kanto,102,Exeggcute,Grass,Psychic,-,-,-,No
1,Kanto,103,Exeggutor,Grass,Psychic,-,-,-,No
1,Kanto,104,Cubone,Ground,-,-,-,-,No
1,Kanto,105,Marowak,Ground,-,-,-,-,No
1,Kanto,106,Hitmonlee,Fighting,-,-,-,-,No
1,Kanto,107,Hitmonchan,Fighting,-,-,-,-,No
1,Kanto,108,Lickitung,Normal,-,-,-,5 km,No
1,Kanto,109,Koffing,Poison,-,-,-,-,No
1,Kanto,110,Weezing,Poison,-,-,-,-,No
1,Kanto,111,Rhyhorn,Ground,Rock,-,-,-,No
1,Kanto,112,Rhydon,Ground,Rock,-,-,-,No
1,Kanto,113,Chansey,Normal,-,-,-,10 km,No
1,Kanto,114,Tangela,Grass,-,-,-,5 km,No
1,Kanto,115,Kangaskhan,Normal,-,-,Australia,-,No
1,Kanto,116,Horsea,Water,-,-,-,-,No
1,Kanto,117,Seadra,Water,-,-,-,-,No
1,Kanto,118,Goldeen,Water,-,-,-,-,No
1,Kanto,119,Seaking,Water,-,-,-,-,No
1,Kanto,120,Staryu,Water,-,-,-,-,No
1,Kanto,121,Starmie,Water,Psychic,-,-,-,No
1,Kanto,122,Mr. Mime,Psychic,Fairy,-,Europe,-,No
1,Kanto,123,Scyther,Bug,Flying,-,-,5 km,No
1,Kanto,124,Jynx,Ice,Psychic,-,-,-,No
1,Kanto,125,Electabuzz,Electric,-,-,-,-,No
1,Kanto,126,Magmar,Fire,-,-,-,-,Yes
1,Kanto,127,Pinsir,Bug,-,-,-,-,No
1,Kanto,128,Tauros,Normal,-,-,North America,-,No
1,Kanto,129,Magikarp,Water,-,-,-,-,Yes
1,Kanto,130,Gyarados,Water,Flying,-,-,-,Yes
1,Kanto,131,Lapras,Water,Ice,-,-,-,No
1,Kanto,132,Ditto,Normal,-,-,-,-,No
1,Kanto,133,Eevee,Normal,-,-,-,5 km,Yes
1,Kanto,134,Vaporeon,Water,-,-,-,-,Yes
1,Kanto,135,Jolteon,Electric,-,-,-,-,Yes
1,Kanto,136,Flareon,Fire,-,-,-,-,Yes
1,Kanto,137,Porygon,Normal,-,-,-,10 km,No
1,Kanto,138,Omanyte,Rock,Water,-,-,5 km,Yes
1,Kanto,139,Omastar,Rock,Water,-,-,-,Yes
1,Kanto,140,Kabuto,Rock,Water,-,-,5 km,Yes
1,Kanto,141,Kabutops,Rock,Water,-,-,-,Yes
1,Kanto,142,Aerodactyl,Rock,Flying,-,-,-,Yes
1,Kanto,143,Snorlax,Normal,-,-,-,-,Yes
1,Kanto,144,Articuno,Ice,Flying,Legendary,-,-,Yes
1,Kanto,145,Zapdos,Electric,Flying,Legendary,-,-,Yes
1,Kanto,146,Moltres,Fire,Flying,Legendary,-,-,Yes
1,Kanto,147,Dratini,Dragon,-,-,-,10 km,Yes
1,Kanto,148,Dragonair,Dragon,-,-,-,-,Yes
1,Kanto,149,Dragonite,Dragon,Flying,-,-,-,Yes
1,Kanto,150,Mewtwo,Psychic,-,Legendary,-,-,No
1,Kanto,151,Mew ,Psychic,-,Mythical,-,-,No
2,Johto,152,Chikorita,Grass,-,-,-,-,Yes
2,Johto,153,Bayleef,Grass,-,-,-,-,Yes
2,Johto,154,Meganium,Grass,-,-,-,-,Yes
2,Johto,155,Cyndaquil,Fire,-,-,-,-,No
2,Johto,156,Quilava,Fire,-,-,-,-,No
2,Johto,157,Typhlosion,Fire,-,-,-,-,No
2,Johto,158,Totodile,Water,-,-,-,-,No
2,Johto,159,Croconaw,Water,-,-,-,-,No
2,Johto,160,Feraligatr,Water,-,-,-,-,No
2,Johto,161,Sentret,Normal,-,-,-,-,No
2,Johto,162,Furret,Normal,-,-,-,-,No
2,Johto,163,Hoothoot,Normal,Flying,-,-,-,No
2,Johto,164,Noctowl,Bug,Flying,-,-,-,No
2,Johto,165,Ledyba,Bug,Flying,-,-,-,No
2,Johto,166,Ledian,Bug,Flying,-,-,-,No
2,Johto,167,Spinarak,Bug,Poison,-,-,-,No
2,Johto,168,Ariados,Bug,Poison,-,-,-,No
2,Johto,169,Crobat,Poison,Flying,-,-,-,No
2,Johto,170,Chinchou,Water,Electric,-,-,-,No
2,Johto,171,Lanturn,Water,Electric,-,-,-,No
2,Johto,172,Pichu,Electric,-,-,-,2 km,Yes
2,Johto,173,Cleffa,Fairy,-,-,-,2 km,No
2,Johto,174,Igglybuff,Normal,Fairy,-,-,2 km,No
2,Johto,175,Togepi,Fairy,-,-,-,2 km,Yes
2,Johto,176,Togetic,Fairy,Flying,-,-,-,Yes
2,Johto,177,Natu,Psychic,Flying,-,-,-,Yes
2,Johto,178,Xatu,Psychic,Flying,-,-,-,Yes
2,Johto,179,Mareep,Electric,-,-,-,10 km,Yes
2,Johto,180,Flaaffy,Electric,-,-,-,-,Yes
2,Johto,181,Ampharos,Electric,-,-,-,-,Yes
2,Johto,182,Bellossom,Grass,-,-,-,-,No
2,Johto,183,Marill,Water,Fairy,-,-,-,No
2,Johto,184,Azumarill,Water,Fairy,-,-,-,No
2,Johto,185,Sudowoodo,Rock,-,-,-,-,No
2,Johto,186,Politoed,Water,-,-,-,-,No
2,Johto,187,Hoppip,Grass,Flying,-,-,-,No
2,Johto,188,Skiploom,Grass,Flying,-,-,-,No
2,Johto,189,Jumpluff,Grass,Flying,-,-,-,No
2,Johto,190,Aipom,Normal,-,-,-,-,No
2,Johto,191,Sunkern,Grass,-,-,-,-,Yes
2,Johto,192,Sunflora,Grass,-,-,-,-,Yes
2,Johto,193,Yanma,Bug,Flying,-,-,-,No
2,Johto,194,Wooper,Water,Ground,-,-,-,No
2,Johto,195,Quagsire,Water,Ground,-,-,-,No
2,Johto,196,Espeon,Psychic,-,-,-,-,Yes
2,Johto,197,Umbreon,Dark,-,-,-,-,Yes
2,Johto,198,Murkrow,Dark,Flying,-,-,-,Yes
2,Johto,199,Slowking,Water,Psychic,-,-,-,No
2,Johto,200,Misdreavus,Ghost,-,-,-,-,No
2,Johto,201,Unown,Psychic,-,-,-,-,No
2,Johto,202,Wobbuffet,Psychic,-,-,-,-,Yes
2,Johto,203,Girafarig,Normal,Psychic,-,-,-,No
2,Johto,204,Pineco,Bug,-,-,-,-,Yes
2,Johto,205,Forretress,Bug,Steel,-,-,-,Yes
2,Johto,206,Dunsparce,Normal,-,-,-,-,No
2,Johto,207,Gligar,Ground,Flying,-,-,-,No
2,Johto,208,Steelix,Steel,Ground,-,-,-,No
2,Johto,209,Snubbull,Fairy,-,-,-,-,Yes
2,Johto,210,Granbull,Fairy,-,-,-,-,Yes
2,Johto,211,Qwilfish,Water,Poison,-,-,-,No
2,Johto,212,Scizor,Bug,Steel,-,-,-,No
2,Johto,213,Shuckle,Bug,Rock,-,-,-,No
2,Johto,214,Heracross,Bug,Fighting,-,South America,-,No
2,Johto,215,Sneasel,Dark,Ice,-,-,-,No
2,Johto,216,Teddiursa,Normal,-,-,-,-,No
2,Johto,217,Ursaring,Normal,-,-,-,-,No
2,Johto,218,Slugma,Fire,-,-,-,-,No
2,Johto,219,Magcargo,Fire,Rock,-,-,-,No
2,Johto,220,Swinub,Ice,Ground,-,-,2 km,No
2,Johto,221,Piloswine,Ice,Ground,-,-,-,No
2,Johto,222,Corsola,Water,Rock,-,Tropical,-,No
2,Johto,223,Remoraid,Water,-,-,-,-,No
2,Johto,224,Octillery,Water,-,-,-,-,No
2,Johto,225,Delibird,Ice,Flying,-,-,-,No
2,Johto,226,Mantine,Water,Flying,-,-,5 km,No
2,Johto,227,Skarmory,Steel,Flying,-,-,-,No
2,Johto,228,Houndour,Dark,Fire,-,-,-,Yes
2,Johto,229,Houndoom,Dark,Fire,-,-,-,Yes
2,Johto,230,Kingdra,Water,Dragon,-,-,-,No
2,Johto,231,Phanpy,Ground,-,-,-,-,No
2,Johto,232,Donphan,Ground,-,-,-,-,No
2,Johto,233,Porygon2,Normal,-,-,-,-,No
2,Johto,234,Stantler,Normal,-,-,-,-,No
2,Johto,235,Smeargle,Normal,-,-,-,-,No
2,Johto,236,Tyrogue,Fighting,-,-,-,5 km,No
2,Johto,237,Hitmontop,Fighting,-,-,-,-,No
2,Johto,238,Smoochum,Ice,Psychic,-,-,-,No
2,Johto,239,Elekid,Electric,-,-,-,5 km,No
2,Johto,240,Magby,Fire,-,-,-,5 km,Yes
2,Johto,241,Miltank,Normal,-,-,-,-,No
2,Johto,242,Blissey,Normal,-,-,-,-,No
2,Johto,243,Raikou,Electric,-,Legendary,-,-,No
2,Johto,244,Entei,Fire,-,Legendary,-,-,No
2,Johto,245,Suicune,Water,-,Legendary,-,-,No
2,Johto,246,Larvitar,Rock,Ground,-,-,10 km,Yes
2,Johto,247,Pupitar,Rock,Ground,-,-,-,Yes
2,Johto,248,Tyranitar,Rock,Ground,-,-,-,Yes
2,Johto,249,Lugia,Psychic,Flying,Legendary,-,-,Yes
2,Johto,250,Ho-Oh,Fire,Flying,Legendary,-,-,Yes
2,Johto,251,Celebi,Psychic,Grass,Mythical,-,-,No
3,Hoenn,252,Treecko,Grass,-,-,-,5 km,No
3,Hoenn,253,Grovyle,Grass,-,-,-,-,No
3,Hoenn,254,Sceptile,Grass,-,-,-,-,No
3,Hoenn,255,Torchic,Fire,-,-,-,5 km,No
3,Hoenn,256,Combusken,Fire,Fighting,-,-,-,No
3,Hoenn,257,Blaziken,Fire,Fighting,-,-,-,No
3,Hoenn,258,Mudkip,Water,-,-,-,5 km,No
3,Hoenn,259,Marshtomp,Water,Ground,-,-,-,No
3,Hoenn,260,Swampert,Water,Ground,-,-,-,No
3,Hoenn,261,Poochyena,Dark,-,-,-,2 km,Yes
3,Hoenn,262,Mightyena,Dark,-,-,-,-,Yes
3,Hoenn,263,Zigzagoon,Normal,-,-,-,-,No
3,Hoenn,264,Linoone,Normal,-,-,-,-,No
3,Hoenn,265,Wurmple,Bug,-,-,-,-,No
3,Hoenn,266,Silcoon,Bug,-,-,-,-,No
3,Hoenn,267,Beautifly,Bug,Flying,-,-,-,No
3,Hoenn,268,Cascoon,Bug,-,-,-,-,No
3,Hoenn,269,Dustox,Bug,Poison,-,-,-,No
3,Hoenn,270,Lotad,Water,Grass,-,-,5 km,No
3,Hoenn,271,Lombre,Water,Grass,-,-,-,No
3,Hoenn,272,Ludicolo,Water,Grass,-,-,-,No
3,Hoenn,273,Seedot,Grass,-,-,-,-,No
3,Hoenn,274,Nuzleaf,Grass,Dark,-,-,-,No
3,Hoenn,275,Shiftry,Grass,Dark,-,-,-,No
3,Hoenn,276,Taillow,Normal,Flying,-,-,2 km,No
3,Hoenn,277,Swellow,Normal,Flying,-,-,-,No
3,Hoenn,278,Wingull,Water,Flying,-,-,5 km,Yes
3,Hoenn,279,Pelipper,Water,Flying,-,-,-,Yes
3,Hoenn,280,Ralts,Psychic,Fairy,-,-,-,No
3,Hoenn,281,Kirlia,Psychic,Fairy,-,-,-,No
3,Hoenn,282,Gardevoir,Psychic,Fairy,-,-,-,No
3,Hoenn,283,Surskit,Bug,Water,-,-,-,No
3,Hoenn,284,Masquerain,Bug,Flying,-,-,-,No
3,Hoenn,285,Shroomish,Grass,-,-,-,5 km,No
3,Hoenn,286,Breloom,Grass,Fighting,-,-,-,No
3,Hoenn,287,Slakoth,Normal,-,-,-,10 km,No
3,Hoenn,288,Vigoroth,Normal,-,-,-,-,No
3,Hoenn,289,Slaking,Normal,-,-,-,-,No
3,Hoenn,290,Nincada,Bug,Ground,-,-,-,No
3,Hoenn,291,Ninjask,Bug,Flying,-,-,-,No
3,Hoenn,292,Shedinja,Bug,Ghost,-,-,-,No
3,Hoenn,293,Whismur,Normal,-,-,-,-,No
3,Hoenn,294,Loudred,Normal,-,-,-,-,No
3,Hoenn,295,Exploud,Normal,-,-,-,-,No
3,Hoenn,296,Makuhita,Fighting,-,-,-,5 km,Yes
3,Hoenn,297,Hariyama,Fighting,-,-,-,-,Yes
3,Hoenn,298,Azurill,Normal,Fairy,-,-,5 km,No
3,Hoenn,299,Nosepass,Rock,-,-,-,5 km,No
3,Hoenn,300,Skitty,Normal,-,-,-,-,No
3,Hoenn,301,Delcatty,Normal,-,-,-,-,No
3,Hoenn,302,Sableye,Dark,Ghost,-,-,-,Yes
3,Hoenn,303,Mawile,Steel,Fairy,-,-,-,Yes
3,Hoenn,304,Aron,Steel,Rock,-,-,2 km,Yes
3,Hoenn,305,Lairon,Steel,Rock,-,-,-,Yes
3,Hoenn,306,Aggron,Steel,Rock,-,-,-,Yes
3,Hoenn,307,Meditite,Fighting,Psychic,-,-,-,Yes
3,Hoenn,308,Medicham,Fighting,Psychic,-,-,-,Yes
3,Hoenn,309,Electrike,Electric,-,-,-,-,No
3,Hoenn,310,Manectric,Electric,-,-,-,-,No
3,Hoenn,311,Plusle,Electric,-,-,-,-,Yes
3,Hoenn,312,Minun,Electric,-,-,-,-,Yes
3,Hoenn,313,Volbeat,Bug,-,-,Europe,-,No
3,Hoenn,314,Illumise,Bug,-,-,North America,-,No
3,Hoenn,315,Roselia,Grass,Poison,-,-,-,Yes
3,Hoenn,316,Gulpin,Poison,-,-,-,-,No
3,Hoenn,317,Swalot,Poison,-,-,-,-,No
3,Hoenn,318,Carvanha,Water,Dark,-,-,5 km,No
3,Hoenn,319,Sharpedo,Water,Dark,-,-,-,No
3,Hoenn,320,Wailmer,Water,-,-,-,2 km,Yes
3,Hoenn,321,Wailord,Water,-,-,-,-,Yes
3,Hoenn,322,Numel,Fire,Ground,-,-,5 km,No
3,Hoenn,323,Camerupt,Fire,Ground,-,-,-,No
3,Hoenn,324,Torkoal,Fire,-,-,Asia,-,No
3,Hoenn,325,Spoink,Psychic,-,-,-,-,No
3,Hoenn,326,Grumpig,Psychic,-,-,-,-,No
3,Hoenn,327,Spinda,Normal,-,-,-,-,No
3,Hoenn,328,Trapinch,Ground,-,-,-,10 km,No
3,Hoenn,329,Vibrava,Ground,Dragon,-,-,-,No
3,Hoenn,330,Flygon,Grass,Dragon,-,-,-,No
3,Hoenn,331,Cacnea,Grass,-,-,-,-,No
3,Hoenn,332,Cacturne,Grass,Dark,-,-,-,No
3,Hoenn,333,Swablu,Normal,Flying,-,-,2 km,Yes
3,Hoenn,334,Altaria,Dragon,Flying,-,-,-,Yes
3,Hoenn,335,Zangoose,Normal,-,-,Rotates,-,No
3,Hoenn,336,Seviper,Poison,-,-,Rotates,-,No
3,Hoenn,337,Lunatone,Rock,Psychic,-,Rotates,-,No
3,Hoenn,338,Solrock,Rock,Psychic,-,Rotates,-,No
3,Hoenn,339,Barboach,Water,Ground,-,-,2 km,No
3,Hoenn,340,Whiscash,Water,Ground,-,-,-,No
3,Hoenn,341,Corphish,Water,-,-,-,5 km,No
3,Hoenn,342,Crawdaunt,Water,Dark,-,-,-,No
3,Hoenn,343,Baltoy,Ground,Psychic,-,-,5 km,No
3,Hoenn,344,Claydol,Ground,Psychic,-,-,-,No
3,Hoenn,345,Lileep,Rock,Grass,-,-,5 km,No
3,Hoenn,346,Cradily,Rock,Grass,-,-,-,No
3,Hoenn,347,Anorith,Rock,Bug,-,-,-,No
3,Hoenn,348,Armaldo,Rock,Bug,-,-,-,No
3,Hoenn,349,Feebas,Water,-,-,-,-,No
3,Hoenn,350,Milotic,Water,-,-,-,-,No
3,Hoenn,351,Castform,Normal,-,-,-,-,No
3,Hoenn,352,Kecleon,Normal,-,-,-,-,No
3,Hoenn,353,Shuppet,Ghost,-,-,-,-,Yes
3,Hoenn,354,Banette,Ghost,-,-,-,-,Yes
3,Hoenn,355,Duskull,Ghost,-,-,-,-,Yes
3,Hoenn,356,Dusclops,Ghost,-,-,-,-,Yes
3,Hoenn,357,Tropius,Grass,Flying,-,Africa,-,No
3,Hoenn,358,Chimecho,Psychic,-,-,-,10 km,No
3,Hoenn,359,Absol,Dark,-,-,-,-,Yes
3,Hoenn,360,Wynaut,Psychic,-,-,-,5 km,Yes
3,Hoenn,361,Snorunt,Ice,-,-,-,-,Yes
3,Hoenn,362,Glalie,Ice,-,-,-,-,Yes
3,Hoenn,363,Spheal,Ice,Water,-,-,2 km,No
3,Hoenn,364,Sealeo,Ice,Water,-,-,-,No
3,Hoenn,365,Walrein,Ice,Water,-,-,-,No
3,Hoenn,366,Clamperl,Water,-,-,-,-,No
3,Hoenn,367,Huntail,Water,-,-,-,-,No
3,Hoenn,368,Gorebyss,Water,-,-,-,-,No
3,Hoenn,369,Relicanth,Water,Rock,-,New Zealand,-,No
3,Hoenn,370,Luvdisc,Water,-,-,-,-,Yes
3,Hoenn,371,Bagon,Dragon,-,-,-,10 km,No
3,Hoenn,372,Shelgon,Dragon,-,-,-,-,No
3,Hoenn,373,Salamence,Dragon,Flying,-,-,-,No
3,Hoenn,374,Beldum,Steel,Psychic,-,-,10 km,No
3,Hoenn,375,Metang,Steel,Psychic,-,-,-,No
3,Hoenn,376,Metagross,Steel,Psychic,-,-,-,No
3,Hoenn,377,Regirock,Rock,-,Legendary,-,-,No
3,Hoenn,378,Regice,Ice,-,Legendary,-,-,No
3,Hoenn,379,Registeel,Steel,-,Legendary,-,-,No
3,Hoenn,380,Latias,Dragon,Psychic,Legendary,-,-,No
3,Hoenn,381,Latios,Dragon,Psychic,Legendary,-,-,No
3,Hoenn,382,Kyogre,Water,-,Legendary,-,-,Yes
3,Hoenn,383,Groudon,Ground,-,Legendary,-,-,No
3,Hoenn,384,Rayquaza,Dragon,Flying,Legendary,-,-,No
3,Hoenn,385,Jirachi,Steel,Psychic,Mythical,-,-,No
3,Hoenn,386,Deoxys,Psychic,-,Mythical,-,-,No
4,Sinnoh,387,Turtwig,Grass,-,-,-,-,No
4,Sinnoh,388,Grotle,Grass,-,-,-,-,No
4,Sinnoh,389,Torterra,Grass,Ground,-,-,-,No
4,Sinnoh,390,Chimchar,Fire,-,-,-,-,No
4,Sinnoh,391,Monferno,Fire,Fighting,-,-,-,No
4,Sinnoh,392,Infernape,Fire,Fighting,-,-,-,No
4,Sinnoh,393,Piplup,Water,-,-,-,-,No
4,Sinnoh,394,Prinplup,Water,-,-,-,-,No
4,Sinnoh,395,Empoleon,Water,Steel,-,-,-,No
4,Sinnoh,396,Starly,Normal,Flying,-,-,-,No
4,Sinnoh,397,Staravia,Normal,Flying,-,-,-,No
4,Sinnoh,398,Staraptor,Normal,Flying,-,-,-,No
4,Sinnoh,399,Bidoof,Normal,-,-,-,-,No
4,Sinnoh,400,Bibarel,Normal,Water,-,-,-,No
4,Sinnoh,401,Kricketot,Bug,-,-,-,-,No
4,Sinnoh,402,Kricketune,Bug,-,-,-,-,No
4,Sinnoh,403,Shinx,Electric,-,-,-,-,Yes
4,Sinnoh,404,Luxio,Electric,-,-,-,-,Yes
4,Sinnoh,405,Luxray,Electric,-,-,-,-,Yes
4,Sinnoh,406,Budew,Grass,Poison,-,-,-,No
4,Sinnoh,407,Roserade,Grass,Poison,-,-,-,No
4,Sinnoh,408,Cranidos,Rock,-,-,-,-,No
4,Sinnoh,409,Rampardos,Rock,-,-,-,-,No
4,Sinnoh,410,Shieldon,Rock,Steel,-,-,-,No
4,Sinnoh,411,Bastiodon,Rock,Steel,-,-,-,No
4,Sinnoh,412,Burmy,Bug,-,-,-,-,No
4,Sinnoh,413,Wormadam,Bug,-,-,-,-,No
4,Sinnoh,414,Mothim,Bug,Flying,-,-,-,No
4,Sinnoh,415,Combee,Bug,Flying,-,-,-,No
4,Sinnoh,416,Vespiquen,Bug,Flying,-,-,-,No
4,Sinnoh,417,Pachirisu,Electric,-,-,Northern Canada,-,No
4,Sinnoh,418,Buizel,Water,-,-,-,-,No
4,Sinnoh,419,Floatzel,Water,-,-,-,-,No
4,Sinnoh,420,Cherubi,Grass,-,-,-,-,No
4,Sinnoh,421,Cherrim,Grass,-,-,-,-,No
4,Sinnoh,422,Shellos,Water,-,-,-,-,No
4,Sinnoh,423,Gastrodon,Water,Ground,-,-,-,No
4,Sinnoh,424,Ambipom,Normal,-,-,-,-,No
4,Sinnoh,425,Drifloon,Ghost,Flying,-,-,-,No
4,Sinnoh,426,Drifblim,Ghost,Flying,-,-,-,No
4,Sinnoh,427,Buneary,Normal,-,-,-,-,No
4,Sinnoh,428,Lopunny,Normal,-,-,-,-,No
4,Sinnoh,429,Mismagius,Ghost,-,-,-,-,No
4,Sinnoh,430,Honchkrow,Dark,Flying,-,-,-,No
4,Sinnoh,431,Glameow,Normal,-,-,-,-,No
4,Sinnoh,432,Purugly,Normal,-,-,-,-,No
4,Sinnoh,433,Chingling,Psychic,-,-,-,-,No
4,Sinnoh,434,Stunky,Poison,Dark,-,-,-,No
4,Sinnoh,435,Skuntank,Poison,Dark,-,-,-,No
4,Sinnoh,436,Bronzor,Steel,Psychic,-,-,-,No
4,Sinnoh,437,Bronzong,Steel,Psychic,-,-,-,No
4,Sinnoh,438,Bonsly,Rock,-,-,-,-,No
4,Sinnoh,439,Mime Jr.,Psychic,Fairy,-,-,-,No
4,Sinnoh,440,Happiny,Normal,-,-,-,-,No
4,Sinnoh,441,Chatot,Normal,Flying,-,Southern Hemisphere,-,No
4,Sinnoh,442,Spiritomb,Ghost,Dark,-,-,-,No
4,Sinnoh,443,Gible,Dragon,Ground,-,-,-,No
4,Sinnoh,444,Gabite,Dragon,Ground,-,-,-,No
4,Sinnoh,445,Garchomp,Dragon,Ground,-,-,-,No
4,Sinnoh,446,Munchlax,Normal,-,-,-,-,No
4,Sinnoh,447,Riolu,Fighting,-,-,-,-,No
4,Sinnoh,448,Lucario,Fighting,Steel,-,-,-,No
4,Sinnoh,449,Hippopotas,Ground,-,-,-,-,No
4,Sinnoh,450,Hippowdon,Ground,-,-,-,-,No
4,Sinnoh,451,Skorupi,Poison,Bug,-,-,-,No
4,Sinnoh,452,Drapion,Poison,Dark,-,-,-,No
4,Sinnoh,453,Croagunk,Poison,Fighting,-,-,-,No
4,Sinnoh,454,Toxicroak,Poison,Fighting,-,-,-,No
4,Sinnoh,455,Carnivine,Grass,-,-,Southeast USA,-,No
4,Sinnoh,456,Finneon,Water,-,-,-,-,No
4,Sinnoh,457,Lumineon,Water,-,-,-,-,No
4,Sinnoh,458,Mantyke,Water,Flying,-,-,-,No
4,Sinnoh,459,Snover,Grass,Ice,-,-,-,No
4,Sinnoh,460,Abomasnow,Grass,Ice,-,-,-,No
4,Sinnoh,461,Weavile,Dark,Ice,-,-,-,No
4,Sinnoh,462,Magnezone,Electric,Steel,-,-,-,No
4,Sinnoh,463,Lickilicky,Normal,-,-,-,-,No
4,Sinnoh,464,Rhyperior,Ground,Rock,-,-,-,No
4,Sinnoh,465,Tangrowth,Grass,-,-,-,-,No
4,Sinnoh,466,Electivire,Electric,-,-,-,-,No
4,Sinnoh,467,Magmortar,Fire,-,-,-,-,No
4,Sinnoh,468,Togekiss,Fairy,Flying,-,-,-,No
4,Sinnoh,469,Yanmega,Bug,Flying,-,-,-,No
4,Sinnoh,470,Leafeon,Grass,-,-,-,-,No
4,Sinnoh,471,Glaceon,Ice,-,-,-,-,No
4,Sinnoh,472,Gliscor,Ground,Flying,-,-,-,No
4,Sinnoh,473,Mamoswine,Ice,Ground,-,-,-,No
4,Sinnoh,474,Porygon-Z,Normal,-,-,-,-,No
4,Sinnoh,475,Gallade,Psychic,Fighting,-,-,-,No
4,Sinnoh,476,Probopass,Rock,Steel,-,-,-,No
4,Sinnoh,477,Dusknoir,Ghost,Ghost,-,-,-,No
4,Sinnoh,478,Froslass,Ice,Ghost,-,-,-,No
4,Sinnoh,479,Rotom,Electric,Ghost,-,-,-,No
4,Sinnoh,480,Uxie,Psychic,-,Legendary,-,-,No
4,Sinnoh,481,Mesprit,Psychic,-,Legendary,-,-,No
4,Sinnoh,482,Azelf,Psychic,-,Legendary,-,-,No
4,Sinnoh,483,Dialga,Steel,Dragon,Legendary,-,-,No
4,Sinnoh,484,Palkia,Water,Dragon,Legendary,-,-,No
4,Sinnoh,485,Heatran,Fire,Steel,Legendary,-,-,No
4,Sinnoh,486,Regigigas,Normal,-,Legendary,-,-,No
4,Sinnoh,487,Giratina,Ghost,Dragon,Legendary,-,-,No
4,Sinnoh,488,Cresselia,Psychic,-,Legendary,-,-,No
4,Sinnoh,489,Phione,Water,-,Mythical,-,-,No
4,Sinnoh,490,Manaphy,Water,-,Mythical,-,-,No
4,Sinnoh,491,Darkrai,Dark,-,Mythical,-,-,No
4,Sinnoh,492,Shaymin,Grass,-,Mythical,-,-,No
4,Sinnoh,493,Arceus,Normal,-,Mythical,-,-,No
5,Unova,494,Victini,Psychic,Fire,Mythical,-,-,No
5,Unova,495,Snivy,Grass,-,-,-,-,No
5,Unova,496,Servine,Grass,-,-,-,-,No
5,Unova,497,Serperior,Grass,-,-,-,-,No
5,Unova,498,Tepig,Fire,-,-,-,-,No
5,Unova,499,Pignite,Fire,Fighting,-,-,-,No
5,Unova,500,Emboar,Fire,Fighting,-,-,-,No
5,Unova,501,Oshawott,Water,-,-,-,-,No
5,Unova,502,Dewott,Water,-,-,-,-,No
5,Unova,503,Samurott,Water,-,-,-,-,No
5,Unova,504,Patrat,Normal,-,-,-,-,No
5,Unova,505,Watchog,Normal,-,-,-,-,No
5,Unova,506,Lillipup,Normal,-,-,-,-,No
5,Unova,507,Herdier,Normal,-,-,-,-,No
5,Unova,508,Stoutland,Normal,-,-,-,-,No
5,Unova,509,Purrloin,Dark,-,-,-,-,No
5,Unova,510,Liepard,Dark,-,-,-,-,No
5,Unova,511,Pansage,Grass,-,-,-,-,No
5,Unova,512,Simisage,Grass,-,-,-,-,No
5,Unova,513,Pansear,Fire,-,-,-,-,No
5,Unova,514,Simisear,Fire,-,-,-,-,No
5,Unova,515,Panpour,Water,-,-,-,-,No
5,Unova,516,Simipour,Water,-,-,-,-,No
5,Unova,517,Munna,Psychic,-,-,-,-,No
5,Unova,518,Musharna,Psychic,-,-,-,-,No
5,Unova,519,Pidove,Normal,Flying,-,-,-,No
5,Unova,520,Tranquill,Normal,Flying,-,-,-,No
5,Unova,521,Unfezant,Normal,Flying,-,-,-,No
5,Unova,522,Blitzle,Electric,-,-,-,-,No
5,Unova,523,Zebstrika,Electric,-,-,-,-,No
5,Unova,524,Roggenrola,Rock,-,-,-,-,No
5,Unova,525,Boldore,Rock,-,-,-,-,No
5,Unova,526,Gigalith,Rock,-,-,-,-,No
5,Unova,527,Woobat,Psychic,Flying,-,-,-,No
5,Unova,528,Swoobat,Psychic,Flying,-,-,-,No
5,Unova,529,Drilbur,Ground,-,-,-,-,No
5,Unova,530,Excadrill,Ground,Steel,-,-,-,No
5,Unova,531,Audino,Normal,-,-,-,-,No
5,Unova,532,Timburr,Fighting,-,-,-,-,No
5,Unova,533,Gurdurr,Fighting,-,-,-,-,No
5,Unova,534,Conkeldurr,Fighting,-,-,-,-,No
5,Unova,535,Tympole,Water,-,-,-,-,No
5,Unova,536,Palpitoad,Water,Ground,-,-,-,No
5,Unova,537,Seismitoad,Water,Ground,-,-,-,No
5,Unova,538,Throh,Fighting,-,-,-,-,No
5,Unova,539,Sawk,Fighting,-,-,-,-,No
5,Unova,540,Sewaddle,Bug,Grass,-,-,-,No
5,Unova,541,Swadloon,Bug,Grass,-,-,-,No
5,Unova,542,Leavanny,Bug,Grass,-,-,-,No
5,Unova,543,Venipede,Bug,Poison,-,-,-,No
5,Unova,544,Whirlipede,Bug,Poison,-,-,-,No
5,Unova,545,Scolipede,Bug,Poison,-,-,-,No
5,Unova,546,Cottonee,Grass,Fairy,-,-,-,No
5,Unova,547,Whimsicott,Grass,Fairy,-,-,-,No
5,Unova,548,Petilil,Grass,-,-,-,-,No
5,Unova,549,Lilligant,Grass,-,-,-,-,No
5,Unova,550,Basculin,Water,-,-,-,-,No
5,Unova,551,Sandile,Ground,Dark,-,-,-,No
5,Unova,552,Krokorok,Ground,Dark,-,-,-,No
5,Unova,553,Krookodile,Ground,Dark,-,-,-,No
5,Unova,554,Darumaka,Fire,-,-,-,-,No
5,Unova,555,Darmanitan,Fire,-,-,-,-,No
5,Unova,556,Maractus,Grass,-,-,-,-,No
5,Unova,557,Dwebble,Bug,Rock,-,-,-,No
5,Unova,558,Crustle,Bug,Rock,-,-,-,No
5,Unova,559,Scraggy,Dark,Fighting,-,-,-,No
5,Unova,560,Scrafty,Dark,Fighting,-,-,-,No
5,Unova,561,Sigilyph,Psychic,Flying,-,-,-,No
5,Unova,562,Yamask,Ghost,-,-,-,-,No
5,Unova,563,Cofagrigus,Ghost,-,-,-,-,No
5,Unova,564,Tirtouga,Water,Rock,-,-,-,No
5,Unova,565,Carracosta,Water,Rock,-,-,-,No
5,Unova,566,Archen,Rock,Flying,-,-,-,No
5,Unova,567,Archeops,Rock,Flying,-,-,-,No
5,Unova,568,Trubbish,Poison,-,-,-,-,No
5,Unova,569,Garbodor,Poison,-,-,-,-,No
5,Unova,570,Zorua,Dark,-,-,-,-,No
5,Unova,571,Zoroark,Dark,-,-,-,-,No
5,Unova,572,Minccino,Normal,-,-,-,-,No
5,Unova,573,Cinccino,Normal,-,-,-,-,No
5,Unova,574,Gothita,Psychic,-,-,-,-,No
5,Unova,575,Gothorita,Psychic,-,-,-,-,No
5,Unova,576,Gothitelle,Psychic,-,-,-,-,No
5,Unova,577,Solosis,Psychic,-,-,-,-,No
5,Unova,578,Duosion,Psychic,-,-,-,-,No
5,Unova,579,Reuniclus,Psychic,-,-,-,-,No
5,Unova,580,Ducklett,Water,Flying,-,-,-,No
5,Unova,581,Swanna,Water,Flying,-,-,-,No
5,Unova,582,Vanillite,Ice,-,-,-,-,No
5,Unova,583,Vanillish,Ice,-,-,-,-,No
5,Unova,584,Vanilluxe,Ice,-,-,-,-,No
5,Unova,585,Deerling,Normal,Grass,-,-,-,No
5,Unova,586,Sawsbuck,Normal,Grass,-,-,-,No
5,Unova,587,Emolga,Electric,Flying,-,-,-,No
5,Unova,588,Karrablast,Bug,-,-,-,-,No
5,Unova,589,Escavalier,Bug,Steel,-,-,-,No
5,Unova,590,Foongus,Grass,Poison,-,-,-,No
5,Unova,591,Amoonguss,Grass,Poison,-,-,-,No
5,Unova,592,Frillish,Water,Ghost,-,-,-,No
5,Unova,593,Jellicent,Water,Ghost,-,-,-,No
5,Unova,594,Alomomola,Water,-,-,-,-,No
5,Unova,595,Joltik,Bug,Electric,-,-,-,No
5,Unova,596,Galvantula,Bug,Electric,-,-,-,No
5,Unova,597,Ferroseed,Grass,Steel,-,-,-,No
5,Unova,598,Ferrothorn,Grass,Steel,-,-,-,No
5,Unova,599,Klink,Steel,-,-,-,-,No
5,Unova,600,Klang,Steel,-,-,-,-,No
5,Unova,601,Klinklang,Steel,-,-,-,-,No
5,Unova,602,Tynamo,Electric,-,-,-,-,No
5,Unova,603,Eelektrik,Electric,-,-,-,-,No
5,Unova,604,Eelektross,Electric,-,-,-,-,No
5,Unova,605,Elgyem,Psychic,-,-,-,-,No
5,Unova,606,Beheeyem,Psychic,-,-,-,-,No
5,Unova,607,Litwick,Ghost,Fire,-,-,-,No
5,Unova,608,Lampent,Ghost,Fire,-,-,-,No
5,Unova,609,Chandelure,Ghost,Fire,-,-,-,No
5,Unova,610,Axew,Dragon,-,-,-,-,No
5,Unova,611,Fraxure,Dragon,-,-,-,-,No
5,Unova,612,Haxorus,Dragon,-,-,-,-,No
5,Unova,613,Cubchoo,Ice,-,-,-,-,No
5,Unova,614,Beartic,Ice,-,-,-,-,No
5,Unova,615,Cryogonal,Ice,-,-,-,-,No
5,Unova,616,Shelmet,Bug,-,-,-,-,No
5,Unova,617,Accelgor,Bug,-,-,-,-,No
5,Unova,618,Stunfisk,Ground,Electric,-,-,-,No
5,Unova,619,Mienfoo,Fighting,-,-,-,-,No
5,Unova,620,Mienshao,Fighting,-,-,-,-,No
5,Unova,621,Druddigon,Dragon,-,-,-,-,No
5,Unova,622,Golett,Ground,Ghost,-,-,-,No
5,Unova,623,Golurk,Ground,Ghost,-,-,-,No
5,Unova,624,Pawniard,Dark,Steel,-,-,-,No
5,Unova,625,Bisharp,Dark,Steel,-,-,-,No
5,Unova,626,Bouffalant,Normal,-,-,-,-,No
5,Unova,627,Rufflet,Normal,Flying,-,-,-,No
5,Unova,628,Braviary,Normal,Flying,-,-,-,No
5,Unova,629,Vullaby,Dark,Flying,-,-,-,No
5,Unova,630,Mandibuzz,Dark,Flying,-,-,-,No
5,Unova,631,Heatmor,Fire,-,-,-,-,No
5,Unova,632,Durant,Bug,Steel,-,-,-,No
5,Unova,633,Deino,Dark,Dragon,-,-,-,No
5,Unova,634,Zweilous,Dark,Dragon,-,-,-,No
5,Unova,635,Hydreigon,Dark,Dragon,-,-,-,No
5,Unova,636,Larvesta,Bug,Fire,-,-,-,No
5,Unova,637,Volcarona,Bug,Fire,-,-,-,No
5,Unova,638,Cobalion,Steel,Fighting,Legendary,-,-,No
5,Unova,639,Terrakion,Rock,Fighting,Legendary,-,-,No
5,Unova,640,Virizion,Grass,Fighting,Legendary,-,-,No
5,Unova,641,Tornadus,Flying,-,Legendary,-,-,No
5,Unova,642,Thundurus,Electric,Flying,Legendary,-,-,No
5,Unova,643,Reshiram,Dragon,Fire,Legendary,-,-,No
5,Unova,644,Zekrom,Dragon,Electric,Legendary,-,-,No
5,Unova,645,Landorus,Ground,Flying,Legendary,-,-,No
5,Unova,646,Kyurem,Dragon,Ice,Legendary,-,-,No
5,Unova,647,Keldeo,Water,Fighting,Mythical,-,-,No
5,Unova,648,Meloetta,Normal,Psychic,Mythical,-,-,No
5,Unova,649,Genesect,Bug,Steel,Mythical,-,-,No
6,Kalos,650,Chespin,Grass,-,-,-,-,No
6,Kalos,651,Quiladin,Grass,-,-,-,-,No
6,Kalos,652,Chesnaught,Grass,Fighting,-,-,-,No
6,Kalos,653,Fennekin,Fire,-,-,-,-,No
6,Kalos,654,Braixen,Fire,-,-,-,-,No
6,Kalos,655,Delphox,Fire,Psychic,-,-,-,No
6,Kalos,656,Froakie,Water,-,-,-,-,No
6,Kalos,657,Frogadier,Water,-,-,-,-,No
6,Kalos,658,Greninja,Water,Dark,-,-,-,No
6,Kalos,659,Bunnelby,Normal,-,-,-,-,No
6,Kalos,660,Diggersby,Normal,Ground,-,-,-,No
6,Kalos,661,Fletchling,Normal,Flying,-,-,-,No
6,Kalos,662,Fletchinder,Fire,Flying,-,-,-,No
6,Kalos,663,Talonflame,Fire,Flying,-,-,-,No
6,Kalos,664,Scatterbug,Bug,-,-,-,-,No
6,Kalos,665,Spewpa,Bug,-,-,-,-,No
6,Kalos,666,Vivillon,Bug,Flying,-,-,-,No
6,Kalos,667,Litleo,Fire,Normal,-,-,-,No
6,Kalos,668,Pyroar,Fire,Normal,-,-,-,No
6,Kalos,669,Flabébé,Fairy,-,-,-,-,No
6,Kalos,670,Floette,Fairy,-,-,-,-,No
6,Kalos,671,Florges,Fairy,-,-,-,-,No
6,Kalos,672,Skiddo,Grass,-,-,-,-,No
6,Kalos,673,Gogoat,Grass,-,-,-,-,No
6,Kalos,674,Pancham,Fighting,-,-,-,-,No
6,Kalos,675,Pangoro,Fighting,Dark,-,-,-,No
6,Kalos,676,Furfrou,Normal,-,-,-,-,No
6,Kalos,677,Espurr,Psychic,-,-,-,-,No
6,Kalos,678,Meowstic,Psychic,-,-,-,-,No
6,Kalos,679,Honedge,Steel,Ghost,-,-,-,No
6,Kalos,680,Doublade,Steel,Ghost,-,-,-,No
6,Kalos,681,Aegislash,Steel,Ghost,-,-,-,No
6,Kalos,682,Spritzee,Fairy,-,-,-,-,No
6,Kalos,683,Aromatisse,Fairy,-,-,-,-,No
6,Kalos,684,Swirlix,Fairy,-,-,-,-,No
6,Kalos,685,Slurpuff,Fairy,-,-,-,-,No
6,Kalos,686,Inkay,Dark,Psychic,-,-,-,No
6,Kalos,687,Malamar,Dark,Psychic,-,-,-,No
6,Kalos,688,Binacle,Rock,Water,-,-,-,No
6,Kalos,689,Barbaracle,Rock,Water,-,-,-,No
6,Kalos,690,Skrelp,Poison,Water,-,-,-,No
6,Kalos,691,Dragalge,Poison,Dragon,-,-,-,No
6,Kalos,692,Clauncher,Water,-,-,-,-,No
6,Kalos,693,Clawitzer,Water,-,-,-,-,No
6,Kalos,694,Helioptile,Electric,Normal,-,-,-,No
6,Kalos,695,Helioisk,Electric,Normal,-,-,-,No
6,Kalos,696,Tyrunt,Rock,Dragon,-,-,-,No
6,Kalos,697,Tyrantrum,Rock,Dragon,-,-,-,No
6,Kalos,698,Amaura,Rock,Ice,-,-,-,No
6,Kalos,699,Aurorus,Rock,Ice,-,-,-,No
6,Kalos,700,Sylveon,Fairy,-,-,-,-,No
6,Kalos,701,Hawlucha,Fighting,Flying,-,-,-,No
6,Kalos,702,Dedenne,Electric,Fairy,-,-,-,No
6,Kalos,703,Carbink,Rock,Fairy,-,-,-,No
6,Kalos,704,Goomy,Dragon,-,-,-,-,No
6,Kalos,705,Sliggoo,Dragon,-,-,-,-,No
6,Kalos,706,Goodra,Dragon,-,-,-,-,No
6,Kalos,707,Klefki,Steel,Fairy,-,-,-,No
6,Kalos,708,Phantump,Ghost,Grass,-,-,-,No
6,Kalos,709,Trevenant,Ghost,Grass,-,-,-,No
6,Kalos,710,Pumpkaboo,Ghost,Grass,-,-,-,No
6,Kalos,711,Gourgeist,Ghost,Grass,-,-,-,No
6,Kalos,712,Bergmite,Ice,-,-,-,-,No
6,Kalos,713,Avalugg,Ice,-,-,-,-,No
6,Kalos,714,Noibat,Flying,Dragon,-,-,-,No
6,Kalos,715,Noivern,Flying,Dragon,-,-,-,No
6,Kalos,716,Xerneas,Fairy,-,Legendary,-,-,No
6,Kalos,717,Yveltal,Dark,Flying,Legendary,-,-,No
6,Kalos,718,Zygarde,Dragon,Ground,Legendary,-,-,No
6,Kalos,719,Diance,Rock,Fairy,Mythical,-,-,No
6,Kalos,720,Hoopa,Psychic,Ghost,Mythical,-,-,No
6,Kalos,721,Volcanion,Fire,Water,Mythical,-,-,No
7,Alola,722,Rowlet,Grass,Flying,-,-,-,No
7,Alola,723,Dartrix,Grass,Flying,-,-,-,No
7,Alola,724,Decidueye,Grass,Ghost,-,-,-,No
7,Alola,725,Litten,Fire,-,-,-,-,No
7,Alola,726,Torracat,Fire,-,-,-,-,No
7,Alola,727,Incineroar,Fire,Dark,-,-,-,No
7,Alola,728,Popplio,Water,-,-,-,-,No
7,Alola,729,Brionne,Water,-,-,-,-,No
7,Alola,730,Primarina,Water,Fairy,-,-,-,No
7,Alola,731,Pikipek,Normal,Flying,-,-,-,No
7,Alola,732,Trumbeak,Normal,Flying,-,-,-,No
7,Alola,733,Toucannon,Normal,Flying,-,-,-,No
7,Alola,734,Yungoos,Normal,-,-,-,-,No
7,Alola,735,Gumshoos,Normal,-,-,-,-,No
7,Alola,736,Grubbin,Bug,-,-,-,-,No
7,Alola,737,Charjabug,Bug,Electric,-,-,-,No
7,Alola,738,Vikavolt,Bug,Electric,-,-,-,No
7,Alola,739,Crabrawler,Fighting,-,-,-,-,No
7,Alola,740,Crabominable,Fighting,Ice,-,-,-,No
7,Alola,741,Oricorio,Fire,Flying,-,-,-,No
7,Alola,742,Cutiefly,Bug,Fairy,-,-,-,No
7,Alola,743,Ribombee,Bug,Fairy,-,-,-,No
7,Alola,744,Rockruff,Rock,-,-,-,-,No
7,Alola,745,Lycanroc,Rock,-,-,-,-,No
7,Alola,746,Wishiwashi,Water,-,-,-,-,No
7,Alola,747,Mareanie,Poison,Water,-,-,-,No
7,Alola,748,Toxapex,Poison,Water,-,-,-,No
7,Alola,749,Mudbray,Ground,-,-,-,-,No
7,Alola,750,Mudsdale,Ground,-,-,-,-,No
7,Alola,751,Dewpider,Water,Bug,-,-,-,No
7,Alola,752,Araquanid,Water,Bug,-,-,-,No
7,Alola,753,Fomantis,Grass,-,-,-,-,No
7,Alola,754,Lurantis,Grass,-,-,-,-,No
7,Alola,755,Morelull,Grass,Fairy,-,-,-,No
7,Alola,756,Shiinotic,Grass,Fairy,-,-,-,No
7,Alola,757,Salandit,Poison,Fire,-,-,-,No
7,Alola,758,Salazzle,Poison,Fire,-,-,-,No
7,Alola,759,Stufful,Normal,Fighting,-,-,-,No
7,Alola,760,Bewear,Normal,Fighting,-,-,-,No
7,Alola,761,Bounsweet,Grass,-,-,-,-,No
7,Alola,762,Steenee,Grass,-,-,-,-,No
7,Alola,763,Tsareena,Grass,-,-,-,-,No
7,Alola,764,Comfey,Fairy,-,-,-,-,No
7,Alola,765,Oranguru,Normal,Psychic,-,-,-,No
7,Alola,766,Passimian,Fighting,-,-,-,-,No
7,Alola,767,Wimpod,Bug,Water,-,-,-,No
7,Alola,768,Golisopod,Bug,Water,-,-,-,No
7,Alola,769,Sandygast,Ghost,Ground,-,-,-,No
7,Alola,770,Palossand,Ghost,Ground,-,-,-,No
7,Alola,771,Pyukumuku,Water,-,-,-,-,No
7,Alola,772,Type: Null,Normal,-,Legendary,-,-,No
7,Alola,773,Silvally,Normal,-,Legendary,-,-,No
7,Alola,774,Minior,Rock,Flying,-,-,-,No
7,Alola,775,Komala,Normal,-,-,-,-,No
7,Alola,776,Turtonator,Fire,Dragon,-,-,-,No
7,Alola,777,Togedemaru,Electric,Steel,-,-,-,No
7,Alola,778,Mimikyu,Ghost,Fairy,-,-,-,No
7,Alola,779,Bruxish,Water,Psychic,-,-,-,No
7,Alola,780,Drampa,Normal,Dragon,-,-,-,No
7,Alola,781,Dhelmise,Ghost,Grass,-,-,-,No
7,Alola,782,Jangmo-o,Dragon,-,-,-,-,No
7,Alola,783,Hakamo-o,Dragon,Fighting,-,-,-,No
7,Alola,784,Kommo-o,Dragon,Fighting,-,-,-,No
7,Alola,785,Tapu Koko,Electric,Fairy,Legendary,-,-,No
7,Alola,786,Tapu Lele,Psychic,Fairy,Legendary,-,-,No
7,Alola,787,Tapu Bulu,Grass,Fairy,Legendary,-,-,No
7,Alola,788,Tapu Fini,Water,Fairy,Legendary,-,-,No
7,Alola,789,Cosmog,Psychic,-,Legendary,-,-,No
7,Alola,790,Cosmoem,Psychic,-,Legendary,-,-,No
7,Alola,791,Solgaleo,Psychic,Steel,Legendary,-,-,No
7,Alola,792,Lunala,Psychic,Ghost,Legendary,-,-,No
7,Alola,793,Nihilego,Rock,Poison,-,-,-,No
7,Alola,794,Buzzwole,Bug,Fighting,-,-,-,No
7,Alola,795,Pheromosa,Bug,Fighting,-,-,-,No
7,Alola,796,Xurkitree,Electric,-,-,-,-,No
7,Alola,797,Celesteela,Steel,Flying,-,-,-,No
7,Alola,798,Kartana,Grass,Steel,-,-,-,No
7,Alola,799,Guzzlord,Dark,Dragon,-,-,-,No
7,Alola,800,Necrozma,Psychic,-,Legendary,-,-,No
7,Alola,801,Magearna,Steel,Fairy,Mythical,-,-,No
7,Alola,802,Marshadow,Fighting,Ghost,Mythical,-,-,No
7,Alola,803,Poipole,Poison,-,-,-,-,No
7,Alola,804,Naganadel,Poison,Dragon,-,-,-,No
7,Alola,805,Stakataka,Rock,Steel,-,-,-,No
7,Alola,806,Blacephalon,Fire,Ghost,-,-,-,No
7,Alola,807,Zeraora,Electric,-,Mythical,-,-,No